member,album,image, Site
SUNGHO,The Action,s_action_01.jpg,PLAY
SUNGHO,The Action,s_action_02.jpg,LOADING
SUNGHO,The Action,s_action_03.jpg,PAUSE
SUNGHO,The Action,s_action_04.jpg,FRAME
SUNGHO,The Action,s_action_05.jpg,WEVERSE
SUNGHO,The Action,s_action_06.jpg,WEVERSE.

member,album,image,site
RIWOO,The Action,r_action_01.jpg,PLAY
RIWOO,The Action,r_action_02.jpg,LOADING
RIWOO,The Action,r_action_03.jpg,PAUSE
RIWOO,The Action,r_action_04.jpg,FRAME
RIWOO,The Action,r_action_05.jpg,WEVERSE
RIWOO,The Action,r_action_06.jpg,WEVERSE.

member,album,image,site
JAEHYUN,The Action,j_action_01.jpg,PLAY
JAEHYUN,The Action,j_action_02.jpg,LOADING
JAEHYUN,The Action,j_action_03.jpg,PAUSE
JAEHYUN,The Action,j_action_04.jpg,FRAME
JAEHYUN,The Action,j_action_05.jpg,WEVERSE
JAEHYUN,The Action,j_action_06.jpg,WEVERSE.

member,album,image,site
TAESAN,The Action,t_action_01.jpg,PLAY
TAESAN,The Action,t_action_02.jpg,LOADING
TAESAN,The Action,t_action_03.jpg,PAUSE
TAESAN,The Action,t_action_04.jpg,FRAME
TAESAN,The Action,t_action_05.jpg,WEVERSE
TAESAN,The Action,t_action_06.jpg,WEVERSE.

member,album,image,site
LEEHAN,The Action,l_action_01.jpg,PLAY
LEEHAN,The Action,l_action_02.jpg,LOADING
LEEHAN,The Action,l_action_03.jpg,PAUSE
LEEHAN,The Action,l_action_04.jpg,FRAME
LEEHAN,The Action,l_action_05.jpg,WEVERSE
LEEHAN,The Action,l_action_06.jpg,WEVERSE.

member,album,image,site
WOONHAK,The Action,w_action_01.jpg,PLAY
WOONHAK,The Action,w_action_02.jpg,LOADING
WOONHAK,The Action,w_action_03.jpg,PAUSE
WOONHAK,The Action,w_action_04.jpg,FRAME
WOONHAK,The Action,w_action_05.jpg,WEVERSE
WOONHAK,The Action,w_action_06.jpg,WEVERSE.